{"coef": [[-0.0825717886269384]], "intercept": [415.4587613453152], "scaler": null}